<?xml version="1.0" encoding="UTF-8"?>
<project-private xmlns="http://www.netbeans.org/ns/project-private/1">
    <editor-bookmarks xmlns="http://www.netbeans.org/ns/editor-bookmarks/2" lastBookmarkId="0"/>
    <open-files xmlns="http://www.netbeans.org/ns/projectui-open-files/2">
        <group>
            <file>file:/D:/Enseignement/ELEC-H-309/dev/corriges_Labos/badSynthe/adc.c</file>
            <file>file:/D:/Enseignement/ELEC-H-309/dev/corriges_Labos/badSynthe/audio.c</file>
            <file>file:/D:/Enseignement/ELEC-H-309/dev/corriges_Labos/badSynthe/adc.h</file>
            <file>file:/D:/Enseignement/ELEC-H-309/dev/corriges_Labos/badSynthe/clav.c</file>
            <file>file:/D:/Enseignement/ELEC-H-309/dev/corriges_Labos/badSynthe/main.c</file>
        </group>
    </open-files>
</project-private>
